{"loss": [0.21800309419631958], "binary_accuracy": [0.9270827174186707], "precision": [0.680839478969574], "recall": [0.5098158717155457], "val_loss": [0.10734241455793381], "val_binary_accuracy": [0.9626373648643494], "val_precision": [0.9134873747825623], "val_recall": [0.6919006705284119]}